Capture.ID,Animal.ID,ODFW.ID,SN,pop,subpop,age,sex,surv_to_8_months,Notes,A1,A2,A3,A4,A5,A6,A7,A8,AdultDelta,AdultTime,LambPop,LambEH,Movi.,L1,L2,L3,L4,L5,L6,L7,L8,LambDelta,LambTime,blood.urea.nitrogen,creatinine,glucose,cholesterol,triglycerides,total.protein,albumin,total.bilirubin,creatine.kinase,GGT,AST..SGOT.,Na,K,Cl,Ca,P,Mg,TCO,SDH,X.HBA.adj,NEFAs.adj,anion.gap,total.WBC,totneu,totlym,totmon,toteos,totbas,prop.E.coli.killed..1.128.,PW.prop.activation,con.A.prop.activation,LPS.prop.activation,globulins
B1-0116,B1,5158,20456,UOP,,5,female,0,,10,10,10,10,10,10,10,10,FALSE,8,UOP,1.01E+15,0,10,10,10,10,10,0,0,0,FALSE,5,16,1.8,160,56,290,6.9,3,0.3,220,29,105,143,4.2,96,9.1,5.8,2.8,2.3,14.6,2.24,0.09,49,16600,7968,332,7968,332,0,NA,-0.09,0.017,0.481,3.9
B10-0116,B10,5165,20448,RSP,,4,female,1,capture related mort - don't include,11,0,0,0,0,0,0,0,TRUE,1,NA,NA,NA,NA,NA,NA,NA,NA,NA,NA,NA,NA,NA,23,2.2,137,59,382,7.3,3.7,0.1,1248,32,225,151,5.8,102,10,7.7,2.8,3.5,29.4,1.81,0.2,51,NA,NA,NA,NA,NA,NA,NA,NA,NA,NA,3.6
B11-0116,B11,5166,20474,RSP,,3,female,0,,10,10,10,10,10,10,10,10,FALSE,8,NA,NA,NA,NA,NA,NA,NA,NA,NA,NA,NA,NA,NA,20,1.5,167,39,467,6.6,3.6,0.1,424,97,299,147,4.5,94,9.7,6.3,2.2,5.1,42,1.64,0.15,52,10000,3000,1300,5400,300,0,0.926,-0.124,0.052,-0.018,3
B12-0116,B12,5167,20483,RSP,,7,female,0,,10,10,10,10,10,10,10,10,FALSE,8,RSP,1.01E+15,1,10,10,0,0,10,10,10,10,FALSE,8,22,2.2,162,67,540,7.1,3.9,0.2,1313,72,207,151,5.3,95,10,7.4,2.9,3.6,31.9,1.9,0.26,58,16600,3486,4150,7470,1328,166,0.956,-0.23,-0.398,-0.136,3.2
B13-0116,B13,5168,20418,RSP,,10,male,0,,10,10,10,10,10,10,10,10,FALSE,8,NA,NA,NA,NA,NA,NA,NA,NA,NA,NA,NA,NA,NA,21,1.7,185,44,246,7.7,3.5,0.2,265,16,111,146,4.3,99,9.4,4.1,2.8,7.3,13.2,1.85,0.2,44,17200,11524,2408,2752,344,172,0.919,0.11,-0.161,-0.195,4.2
B14-0116,B14,5172,20447,RSP,,4,male,0,,10,10,10,10,10,10,10,10,FALSE,8,NA,NA,NA,NA,NA,NA,NA,NA,NA,NA,NA,NA,NA,19,1.7,231,43,348,6.9,3.5,0.1,1178,30,143,148,3.9,94,9.6,4.2,2.6,6.9,13.1,1.22,0.18,51,28200,20022,564,7614,0,0,0.734,0.041,-0.022,-0.187,3.4
B15-0116,B15,5171,20407,RSP,,4,female,0,,10,10,10,10,10,10,10,10,FALSE,8,NA,NA,NA,NA,NA,NA,NA,NA,NA,NA,NA,NA,NA,24,1.8,147,47,309,7.2,3.2,0.1,1236,24,135,144,4.3,99,9.3,3.9,2.4,8.8,14.3,2.63,0.53,41,11000,6930,0,3850,220,0,0.895,-0.095,-0.078,-0.504,4
B16-0116,B16,5169,20410,RSP,,4,male,?,collar stopped working    ,10,10,10,10,10,0,0,0,FALSE,5,NA,NA,NA,NA,NA,NA,NA,NA,NA,NA,NA,NA,NA,26,1.6,171,41,319,7.2,4,0.1,264,25,121,150,4,97,10.5,5.1,2.6,5.5,14.9,2.02,0.18,52,NA,NA,NA,NA,NA,NA,NA,NA,NA,NA,3.2
B17-0116,B17,5178,20408,BSP,,10,male,1,capture related mort - don't include,11,0,0,0,0,0,0,0,TRUE,1,NA,NA,NA,NA,NA,NA,NA,NA,NA,NA,NA,NA,NA,26,1.9,180,48,253,7.1,3.2,0.2,981,27,200,154,5.1,98,9.3,8.1,2.8,4.7,15.6,2.37,0.18,56,NA,NA,NA,NA,NA,NA,NA,NA,NA,NA,3.9
B18-0116,B18,5179,20477,BSP,,8,male,0,,10,10,10,10,10,10,10,10,FALSE,8,NA,NA,NA,NA,NA,NA,NA,NA,NA,NA,NA,NA,NA,28,2,157,46,312,7.5,3.8,0.2,564,33,149,156,4.4,101,10.4,6.9,2.8,2.8,14.9,2.98,0.27,57,8800,3608,264,4664,176,88,0.892,-0.077,0.007,-0.18,3.7
B19-0116,B19,5180,20452,BSP,,8,female,1,capture related mort - don't include,11,0,0,0,0,0,0,0,TRUE,1,NA,NA,NA,NA,NA,NA,NA,NA,NA,NA,NA,NA,NA,22,1.5,152,45,344,7.8,3.5,0.1,335,31,160,153,4.6,100,9.7,9.3,3.3,2.2,21.9,3.4,0.15,55,NA,NA,NA,NA,NA,NA,NA,NA,NA,NA,4.3
B2-0116,B2,5278,20398,UOP,,2,male,0,,10,10,10,10,10,10,10,10,FALSE,8,NA,NA,NA,NA,NA,NA,NA,NA,NA,NA,NA,NA,NA,NA,NA,NA,NA,NA,NA,NA,NA,NA,NA,NA,NA,NA,NA,NA,NA,NA,NA,NA,NA,NA,NA,11000,4840,110,4290,1760,0,NA,NA,NA,NA,NA
B20-0116,B20,5181,20400,BSP,,5,female,1,,10,10,10,10,11,0,0,0,TRUE,5,NA,NA,NA,NA,NA,NA,NA,NA,NA,NA,NA,NA,NA,23,1.5,109,59,373,7.1,3.5,0.1,652,58,348,155,5.1,103,9.6,7.6,3.1,2.2,124.5,3.44,0.12,55,15200,8360,1216,5624,0,0,0.922,-0.211,-0.025,-0.179,3.6
B21-0116,B21,5182,20405,BSP,,9,female,0,,10,10,10,10,10,10,10,10,FALSE,8,NA,NA,NA,NA,NA,NA,NA,NA,NA,NA,NA,NA,NA,23,1.5,99,52,286,7.2,3.4,0.2,293,41,283,150,5.3,103,9.3,7.6,2.9,3.6,36.6,3.11,0.11,49,9200,3036,92,4232,1656,184,0.888,-0.115,0.009,-0.245,3.8
B22-0116,B22,5153,20460,UOP,,7,female,0,,10,10,10,10,10,10,10,10,FALSE,8,UOP,1.01E+15,0,10,10,11,0,0,0,0,0,TRUE,3,25,1.9,148,57,158,9.1,4.3,0.2,228,31,221,157,5.8,101,10.8,7.6,3,2.1,27.6,2.29,0.13,60,31000,4650,12400,10850,3100,0,NA,0.116,0.125,-0.307,4.8
B23-0116,B23,5173,20489,RSP,,4,female,0,,10,10,10,10,10,10,10,10,FALSE,8,RSP,1.01E+15,1,10,11,0,0,0,0,0,0,TRUE,2,21,1.5,185,45,403,6.6,3.8,0.3,1956,19,134,148,4.3,100,10.1,2.7,2.4,8.6,NA,2.54,0.54,44,15000,7500,0,6900,600,0,0.811,-0.306,-0.342,-0.243,2.8
B24-0116,B24,5170,20414,RSP,,2,female,0,,10,10,10,10,10,10,10,10,FALSE,8,RSP,1.01E+15,1,10,10,10,11,0,0,0,0,TRUE,4,24,1.7,214,46,574,6.6,3.9,0.1,436,25,124,145,4,92,10,4.9,2.9,4.9,13.7,2.37,0.19,52,6200,2666,124,3224,186,0,0.965,-0.359,-0.481,-0.01,2.7
B25-0116,B25,5183,20458,TMP,,6,male,?,collar stopped working,10,10,10,10,10,10,10,0,FALSE,8,NA,NA,NA,NA,NA,NA,NA,NA,NA,NA,NA,NA,NA,21,1.9,153,45,206,6.8,3.8,0.3,626,25,136,146,3.7,99,10.3,4.9,2.8,5.1,15.7,2.44,0.25,46,NA,NA,NA,NA,NA,NA,NA,NA,NA,NA,3
B26-0116,B26,5184,20472,TMP,,3,female,0,,10,10,10,10,10,10,10,10,FALSE,8,TMP,1.01E+15,0,10,11,0,0,0,0,0,0,TRUE,2,13,1.8,176,53,330,7.4,4,0.3,205,23,111,155,4,100,10.3,6.3,2.7,2.4,15.5,2.45,0.17,57,7800,2418,0,5070,312,0,0.921,0.095,-0.136,0.05,3.4
B27-0116,B27,5185,20401,TMP,,6,female,0,,10,10,10,10,10,10,10,10,FALSE,8,TMP,1.01E+15,0,10,10,10,11,0,0,0,0,TRUE,4,16,1.7,159,51,482,6.2,3.7,0.3,552,25,111,151,3.9,100,9.9,4,3,7.1,15.6,2.23,0.24,48,10000,2700,2200,3600,1400,100,0.929,3.923,-5.154,-4.484,2.5
B28-0116,B28,5186,20465,TMP,,4,male,1,capture related mort - don't include,11,0,0,0,0,0,0,0,TRUE,1,NA,NA,NA,NA,NA,NA,NA,NA,NA,NA,NA,NA,NA,18,1.9,197,47,360,6.7,3.7,0.4,1325,59,249,145,4.9,96,10.3,3.8,2.9,7.7,80,2.07,0.45,46,NA,NA,NA,NA,NA,NA,NA,NA,NA,NA,3
B29-0116,B29,5187,20462,TMP,,4,male,0,,10,10,10,10,10,10,10,10,FALSE,8,NA,NA,NA,NA,NA,NA,NA,NA,NA,NA,NA,NA,NA,20,1.9,238,40,417,6.9,3.6,0.4,393,21,128,145,4,97,10.4,3.2,2.9,5.6,19.3,2.32,0.39,46,12000,5400,2040,4080,360,120,0.913,NA,NA,NA,3.3
B3-0116,B3,5161,20396,UOP,,3,female,0,,10,10,10,10,10,10,10,10,FALSE,8,UOP,1.01E+15,0,10,10,0,0,0,0,0,0,FALSE,2,24,1.6,151,50,231,7.5,3.6,0.2,1214,63,233,153,7.1,101,9.8,8.9,3.3,1.9,43.8,2.25,0.13,57,6400,1344,320,3712,1024,0,NA,0.016,-0.06,-0.101,3.9
B30-0116,B30,5188,20486,TMP,,3,female,0,,10,10,10,10,10,10,10,10,FALSE,8,TMP,1.01E+15,0,10,10,10,10,10,10,0,0,FALSE,6,14,1.7,166,53,392,6.5,3.8,0.3,515,22,100,148,3.7,100,10,3.8,2.8,6.2,15.7,1.43,0.35,46,17600,6512,528,8448,2112,0,0.924,NA,NA,NA,2.7
B31-0116,B31,5174,20478,RSP,,3,male,0,,10,10,10,10,10,10,10,10,FALSE,8,NA,NA,NA,NA,NA,NA,NA,NA,NA,NA,NA,NA,NA,27,1.8,154,35,198,7.8,4,0.2,1821,27,242,153,4.1,100,10,6,2.9,4.1,14.9,3.04,0.23,53,9800,5390,0,4116,196,98,0.881,0.013,-0.212,-0.197,3.8
B32-0116,B32,5175,20476,RSP,,6,male,?,collar stopped working,10,10,0,0,0,0,0,0,FALSE,2,NA,NA,NA,NA,NA,NA,NA,NA,NA,NA,NA,NA,NA,26,2,158,48,241,7.1,3.8,0.2,291,21,140,154,4.2,100,10.5,5.9,2.8,3.5,10.5,2.5,0.17,55,NA,NA,NA,NA,NA,NA,NA,NA,NA,NA,3.3
B33-0116,B33,5176,20475,RSP,,5,female,0,,10,10,10,10,10,10,10,10,FALSE,8,RSP,1.00E+15,1,10,0,0,10,11,0,0,0,TRUE,5,24,2.3,158,56,184,7.6,3.7,0.2,361,46,304,160,5,103,10.5,6.7,2.8,2.1,26.8,3.9,0.18,60,25600,15360,1536,7936,768,0,0.923,0.287,0.107,-0.094,3.9
B34-0116,B34,5177,20493,RSP,,3,female,0,,10,10,10,10,10,10,10,10,FALSE,8,RSP,1.01E+15,1,10,10,10,11,0,0,0,0,TRUE,4,21,1.7,146,55,271,7.4,3.6,0.1,246,15,156,156,4,101,9.9,7.1,2.7,2.2,2.3,2.6,0.14,57,17400,10440,0,6264,522,174,0.976,-0.052,-0.303,-0.223,3.8
B35-0116,B35,5192,20455,TCP,TCE,6,female,?,collar stopped working,10,10,10,10,10,10,0,0,FALSE,6,NA,NA,NA,NA,NA,NA,NA,NA,NA,NA,NA,NA,NA,13,1.8,145,36,114,7.9,2.7,0.4,188,35,94,146,4.4,103,9.4,6,2.9,2.2,14.4,2.11,0.26,45,NA,NA,NA,NA,NA,NA,NA,NA,NA,NA,5.2
B36-0116,B36,5195,20485,TCP,TCE,5,female,0,,10,10,10,10,10,10,10,10,FALSE,8,NA,NA,NA,NA,NA,NA,NA,NA,NA,NA,NA,NA,NA,11,2,155,51,254,6.8,3.6,0.4,1116,41,259,148,5.2,97,9.7,5.9,2.6,8.9,109.1,1.28,0.46,47,19000,9880,1520,6080,1330,190,NA,NA,NA,NA,3.2
B37-0116,B37,5196,20409,TCP,TCE,3,female,0,,10,10,10,10,10,10,10,10,FALSE,8,NA,NA,NA,NA,NA,NA,NA,NA,NA,NA,NA,NA,NA,8,1.6,183,36,248,6.2,3.3,0.2,858,37,184,141,3.9,95,9,3.6,2.2,10,34.9,1.32,0.21,40,10200,5202,1632,3060,306,0,0.957,NA,NA,NA,2.9
B38-0116,B38,5197,20488,TCP,TCE,5,female,0,,10,10,10,10,10,10,10,10,FALSE,8,TCE,1.00E+15,0,10,0,0,0,0,10,0,0,FALSE,6,9,1.9,148,65,330,6.6,3.7,0.2,1152,23,136,156,4.3,104,10.4,4.8,2.7,7.6,21.2,1.56,0.17,49,8800,3256,1320,3080,1144,0,0.948,-0.984,-0.481,0.461,2.9
B39-0116,B39,5198,20417,TCP,TCE,3,male,0,,10,10,10,10,10,10,10,10,FALSE,8,NA,NA,NA,NA,NA,NA,NA,NA,NA,NA,NA,NA,NA,8,2,148,50,223,6.2,3.1,0.3,1900,23,149,149,4.5,99,9.7,4.7,2.5,12.9,18,1.33,0.38,42,6400,2816,64,3264,256,0,0.95,-2.648,-7.796,NA,3.1
B4-0116,B4,5157,20457,UOP,,3,female,0,,10,10,10,10,10,10,10,10,FALSE,8,UOP,1.01E+15,0,10,10,0,0,10,10,0,0,FALSE,6,NA,NA,NA,NA,NA,NA,NA,NA,NA,NA,NA,NA,NA,NA,NA,NA,NA,NA,NA,NA,NA,NA,NA,NA,NA,NA,NA,NA,NA,NA,NA,NA,NA
B40-0116,B40,5199,20479,TCP,TCE,3,female,0,,10,10,10,10,10,10,10,10,FALSE,8,TCE,1.01E+15,0,10,10,0,0,10,10,10,10,FALSE,8,7,1.7,164,49,175,5.2,3.1,0.3,1447,15,109,146,5.4,103,9,4,2.1,14.1,20.4,1.51,0.85,34,6600,2310,66,3498,726,0,NA,NA,NA,NA,2.1
B41-0116,B41,5200,20467,TCP,TCE,7,female,0,,10,10,10,10,10,10,10,10,FALSE,8,NA,NA,NA,NA,NA,NA,NA,NA,NA,NA,NA,NA,NA,9,2.5,142,46,258,6.7,3.4,0.3,537,23,115,169,5.1,114,9.8,5.7,2.5,8.4,18.2,1.16,0.18,52,8600,4558,430,3010,602,0,0.94,-74.625,-68,-0.157,3.3
B42-0116,B42,5201,20450,TCP,TCE,2,female,0,,10,10,10,10,10,10,10,10,FALSE,8,TCE,1.00E+15,0,10,0,0,0,10,10,10,0,FALSE,7,8,1.9,134,45,137,6.1,3.4,0.2,494,20,126,150,4.6,104,10,2.8,2.3,8.9,23.1,1.35,0.33,42,10000,5400,900,3600,100,0,0.924,0.215,-0.758,-0.732,2.7
B43-0116,B43,5202,20473,TCP,TCE,4,female,0,,10,10,10,10,10,10,10,10,FALSE,8,TCE,1.01E+15,0,10,10,0,0,10,10,10,10,FALSE,8,10,2,140,57,194,6.3,3.5,0.3,341,26,125,155,4.9,99,9.9,4.8,2.5,5.8,20.5,1.17,0.17,55,20400,9792,612,8568,1428,0,NA,-0.853,0.627,2.302,2.8
B44-0116,B44,5203,20397,TCP,TCE,4,female,1,capture related mort - don't include,11,0,0,0,0,0,0,0,TRUE,1,NA,NA,NA,NA,NA,NA,NA,NA,NA,NA,NA,NA,NA,10,1.8,172,55,167,8.1,4.2,0.3,721,29,133,171,5.2,113,11.3,5.3,2.8,16.7,14.6,1.62,0.59,44,NA,NA,NA,NA,NA,NA,NA,NA,NA,NA,3.9
B45-0116,B45,5194,20481,TCP,TCS,6,female,0,,10,10,10,10,10,10,10,10,FALSE,8,TCS,1.01E+15,0,10,11,0,0,0,0,0,0,TRUE,2,16,1.9,146,51,205,6.6,2.9,0.4,540,36,141,154,5.8,104,9.4,7.8,3.2,2.9,22.9,2.66,0.16,53,6600,3960,528,2046,66,0,0.831,NA,NA,NA,3.7
B46-0116,B46,5189,20469,TCP,TCS,2.5,male,0,,10,10,10,10,10,10,10,10,FALSE,8,NA,NA,NA,NA,NA,NA,NA,NA,NA,NA,NA,NA,NA,16,2,139,53,112,7.2,4,0.5,153,28,156,154,4.7,104,10.5,5.6,3.5,3.2,14.6,2.54,0.35,52,19800,7128,2574,9702,396,0,0.841,NA,NA,NA,3.2
B47-0116,B47,5204,20416,TCP,TCE,7,female,0,,10,10,10,10,10,10,10,10,FALSE,8,TCE,1.01E+15,0,10,10,0,0,10,10,10,0,FALSE,7,13,2.1,116,69,238,7.9,3.8,0.3,612,19,157,169,4.5,110,11,6.2,2.7,6.4,19.6,1.89,0.32,57,14400,4464,1584,7632,720,0,0.924,-0.059,-0.318,0.308,4.1
B48-0116,B48,5205,20399,TCP,TCE,4,female,0,,10,10,10,10,10,10,10,10,FALSE,8,TCE,1.00E+15,0,10,0,10,10,0,0,0,0,FALSE,4,12,1.8,151,54,293,7.1,3.8,0.3,472,26,166,157,4.1,101,10.6,5.1,2.6,8.6,17.6,2.05,0.38,52,12600,3906,0,7686,1008,0,0.934,-0.223,-0.105,0.943,3.3
B49-0116,B49,5193,20412,TCP,TCS,8,male,1,,10,10,11,0,0,0,0,0,TRUE,3,NA,NA,NA,NA,NA,NA,NA,NA,NA,NA,NA,NA,NA,13,1.7,146,37,118,8.1,2.7,0.4,192,34,95,148,4.5,104,9.5,5.9,2.9,2,14.1,1.98,0.27,47,37400,17952,11220,5984,2244,0,NA,NA,NA,NA,5.4
B5-0116,B5,5163,20403,RSP,,3,female,0,,10,10,10,10,10,10,10,10,FALSE,8,RSP,1.01E+15,1,10,10,11,0,0,0,0,0,TRUE,3,22,1.6,116,40,343,7,3.6,0.1,966,21,118,147,4.5,100,9.6,4,2.2,10.5,18.2,1.77,0.39,41,12000,6960,120,4200,720,0,0.736,-0.117,-0.043,-0.18,3.4
B50-0116,B50,5206,20464,TCP,TCE,4,male,0,,10,10,10,10,10,10,10,10,FALSE,8,NA,NA,NA,NA,NA,NA,NA,NA,NA,NA,NA,NA,NA,11,2,201,50,224,7.1,3.7,0.3,705,20,119,154,5.2,98,10.1,5.1,2.7,12.3,18.4,1.77,0.65,49,5600,2912,56,2520,112,0,0.847,NA,NA,NA,3.4
B51-0116,B51,5209,20487,TCP,TCE,4,male,0,,10,10,10,10,10,10,10,10,FALSE,8,NA,NA,NA,NA,NA,NA,NA,NA,NA,NA,NA,NA,NA,19,3.3,207,75,373,8,4.2,0.3,1552,46,220,172,5,103,12.6,6.5,3.4,6.7,28.5,1.95,0.85,67,13200,5940,0,6864,264,132,0.851,-0.55,-0.175,1.291,3.8
B52-0116,B52,5208,20402,TCP,TCE,9,male,0,,10,10,10,10,10,10,10,10,FALSE,8,NA,NA,NA,NA,NA,NA,NA,NA,NA,NA,NA,NA,NA,18,2.5,228,49,266,8.1,4,0.4,805,42,175,180,4.9,111,12.7,5,2.9,9.3,18,2.07,0.33,65,7000,4830,0,1960,210,0,0.921,0.98,0.539,-0.465,4.1
B53-0116,B53,5275,20406,TCP,TCE,5,male,0,,10,10,10,10,10,10,10,10,FALSE,8,NA,NA,NA,NA,NA,NA,NA,NA,NA,NA,NA,NA,NA,9,2.4,196,59,175,7.8,4,0.4,492,33,225,177,4.3,116,11.6,5.4,3.1,11.6,32.2,3.57,0.89,54,14800,5624,2664,5772,444,296,0.884,-0.325,-0.058,NA,3.8
B54-0116,B54,5191,20480,TCP,TCS,2.5,female,0,,10,10,10,10,10,10,10,10,FALSE,8,NA,NA,NA,NA,NA,NA,NA,NA,NA,NA,NA,NA,NA,14,1.7,172,35,239,6.2,3.6,0.3,182,36,110,156,4.3,100,10.2,5.9,2.7,3.2,27.6,3.2,0.14,57,10200,2550,2040,5610,0,0,0.794,NA,NA,NA,2.6
B55-0116,B55,5276,20454,TCP,TCE,3,male,0,,10,10,10,10,10,10,10,10,FALSE,8,NA,NA,NA,NA,NA,NA,NA,NA,NA,NA,NA,NA,NA,8,2.1,132,56,188,7,3.8,0.4,449,30,125,158,4.5,106,10,5,2.5,9.4,14.8,2.62,0.88,47,11200,4480,336,6384,0,0,0.967,NA,NA,NA,3.2
B56-0116,B56,5277,20449,TCP,TCE,7,female,1,,10,10,10,10,10,10,10,10,FALSE,8,TCE,1.00E+15,0,10,0,0,0,11,0,0,0,TRUE,5,8,1.8,184,59,109,7.4,2.8,0.2,200,31,158,152,5.4,104,9.2,4.8,2.8,11.6,32.5,2.24,0.53,42,17200,13932,172,3096,0,0,0.868,0.06,-0.103,NA,4.6
B57-0116,B57,5286,20468,TCP,TCW,7,male,?,collar stopped working,10,10,10,10,10,10,0,0,FALSE,6,NA,NA,NA,NA,NA,NA,NA,NA,NA,NA,NA,NA,NA,18,1.8,150,72,80,7.8,4.1,0.3,272,27,113,159,4.7,107,10.7,6.1,2.5,5.9,10.9,2.75,0.22,51,NA,NA,NA,NA,NA,NA,NA,NA,NA,NA,3.7
B58-0116,B58,5293,20465,TCP,TCW,5,female,0,,10,10,10,10,10,10,10,10,FALSE,8,TCW,1.01E+15,0,10,10,10,10,0,0,10,10,FALSE,8,31,2.7,154,84,97,10.9,5.1,0.3,487,38,192,186,6.2,123,13.3,8.7,3.8,5.4,19.8,2.31,0.22,64,25400,16256,508,7874,762,0,NA,1.165,0.944,-0.23,5.8
B59-0116,B59,5287,20408b,TCP,TCW,6,female,0,,10,10,10,10,10,10,10,10,FALSE,8,TCW,1.01E+15,0,10,10,10,0,0,10,0,0,FALSE,6,21,2,134,65,99,7.9,4.1,0.4,146,23,110,159,5.3,109,10.5,6.1,2.9,2,91.2,2.6,0.27,53,11200,6944,0,3808,448,0,0.907,0.584,-0.074,0.476,3.8
B6-0116,B6,5162,20413,UOP,,4,female,0,,10,10,10,10,10,10,10,10,FALSE,8,UOP,1.00E+15,0,10,0,0,11,0,0,0,0,TRUE,4,27,1.7,148,53,170,6.7,3.8,0.2,287,24,105,159,5.3,101,10.3,6.6,3,1.5,15.6,3.47,0.17,62,4400,2068,44,2200,44,44,NA,0.023,0.071,-0.124,2.9
B60-0116,B60,5288,20448b,TCP,TCW,2,male,0,,10,10,10,10,10,10,10,10,FALSE,8,NA,NA,NA,NA,NA,NA,NA,NA,NA,NA,NA,NA,NA,32,2.2,138,66,104,8.8,4.5,0.3,322,38,243,172,5.4,117,12,8,3.3,3.7,77.5,2.08,0.41,57,16800,6552,336,9576,336,0,0.889,0.164,-0.715,-0.008,4.3
B7-0116,B7,5160,20491,UOP,,5,male,0,,10,10,10,10,10,10,10,10,FALSE,8,NA,NA,NA,NA,NA,NA,NA,NA,NA,NA,NA,NA,NA,24,1.5,166,36,286,6.3,3.1,0.2,355,30,102,148,4.9,98,9.6,4.6,2.8,7.5,17.9,1.75,0.14,47,9600,3552,192,3744,2112,0,NA,0.153,0.01,0.166,3.2
B8-0116,B8,5155,20466,UOP,,3,male,?,collar stopped working,10,0,0,0,0,0,0,0,FALSE,1,NA,NA,NA,NA,NA,NA,NA,NA,NA,NA,NA,NA,NA,16,1.8,187,56,288,5.5,3.4,0.3,299,29,161,143,4.7,96,9.8,4.3,2.9,9.5,27.3,2.57,0.29,42,NA,NA,NA,NA,NA,NA,NA,NA,NA,NA,2.1
B9-0116,B9,5164,20415,RSP,,5,female,0,,10,10,10,10,10,10,10,10,FALSE,8,RSP,1.01E+15,1,10,10,11,0,0,0,0,0,TRUE,3,19,1.5,145,43,304,7.4,3.4,0.2,1266,22,156,145,4.7,97,9.1,4.9,2.4,10.8,17.8,1.93,0.48,42,13200,5148,924,6204,924,0,0.87,-0.026,-0.163,-0.348,4
G51-0118,G51,18-5,28702,SRP,EML,6,female,0,,10,10,10,10,10,10,10,10,FALSE,8,EML,1.01E+15,0,10,10,10,10,10,10,0,0,FALSE,6,14,1.6,116,NA,212,7.3,3.8,0.2,343,23,140,145,5.2,99,9.8,4,3.1,10.8,33.4,1.6,0.39,40,NA,NA,NA,NA,NA,NA,NA,NA,NA,NA,3.5
G52-0118,G52,18-6,28699,SRP,EML,7,female,0,,10,10,10,10,10,10,10,10,FALSE,8,EML,1.00E+15,0,10,0,0,0,10,10,0,0,FALSE,6,14,1.7,78,NA,355,6.6,3.7,0.2,578,26,151,151,4.4,99,9.6,4.8,3.3,7,34.8,1.47,0.13,49,NA,NA,NA,NA,NA,NA,NA,NA,NA,NA,2.9
G53-0118,G53,18-1,27566,SRP,EML,4,female,0,,10,10,10,10,10,10,10,10,FALSE,8,NA,NA,NA,NA,NA,NA,NA,NA,NA,NA,NA,NA,NA,16,1.7,213,NA,382,6.7,3.8,0.2,296,79,248,146,5.5,95,10,5.5,2.8,5.8,189.2,1.72,0.15,NA,NA,NA,NA,NA,NA,NA,NA,NA,NA,NA,2.9
G54-0118,G54,18-11,19481,SRP,CAL,4,female,?,,10,10,0,0,0,0,0,0,FALSE,2,CAL,1.01E+15,0,10,10,10,10,10,10,10,0,FALSE,7,10,1.7,80,NA,225,7.3,4.1,0.3,1026,43,207,155,6.9,102,10.8,5.3,3.8,7.5,118.2,2.56,0.32,52,NA,NA,NA,NA,NA,NA,NA,NA,NA,NA,3.2
G55-0118,G55,18-12,28704,SRP,CAL,4,female,0,,10,10,10,10,10,10,10,10,FALSE,8,CAL,1.01E+15,0,10,10,10,10,10,10,10,0,FALSE,7,9,1.8,186,36,297,7.4,3.9,0.2,352,23,164,158,5.9,101,11.3,6.9,3.5,0.5,25.3,2.06,0.19,62,NA,NA,NA,NA,NA,NA,NA,NA,NA,NA,3.5
G57-0118,G57,18-17,22659,SRP,HNK,5,female,1,,10,10,10,10,11,0,0,0,TRUE,5,NA,NA,NA,NA,NA,NA,NA,NA,NA,NA,NA,NA,NA,6,2.1,143,NA,126,7.3,3.9,0.2,262,11,90,158,7.6,109,10.3,6.4,3.2,4.5,19.5,1.72,0.22,52,NA,NA,NA,NA,NA,NA,NA,NA,NA,NA,3.4
G58-0118,G58,18-8,28703,SRP,CAL,3,female,0,,10,10,10,10,10,10,10,10,FALSE,8,CAL,1.01E+15,0,10,10,10,11,0,0,0,0,TRUE,4,14,1.6,62,NA,327,7,3.9,0.3,759,29,143,154,5.9,104,10.5,5.8,3.7,8.6,33.3,3.13,0.5,47,NA,NA,NA,NA,NA,NA,NA,NA,NA,NA,3.1
G59-0118,G59,18-20,24704,SRP,HNK,6,male,0,,10,10,10,10,10,10,10,10,FALSE,8,NA,NA,NA,NA,NA,NA,NA,NA,NA,NA,NA,NA,NA,NA,NA,NA,NA,NA,NA,NA,NA,NA,NA,NA,NA,NA,NA,NA,NA,NA,NA,NA,NA,NA,NA,NA,NA,NA,NA,NA,NA,NA,NA,NA,NA,NA
G60-0118,G60,18-18,28701,SRP,HNK,3,female,0,,10,10,10,10,10,10,10,10,FALSE,8,MCK,1.01E+15,0,10,10,11,0,0,0,0,0,TRUE,3,25,1.5,139,NA,242,7,3.9,0.2,331,22,102,153,6.5,103,10,4.7,3.2,7.1,14.2,2.13,0.22,49,NA,NA,NA,NA,NA,NA,NA,NA,NA,NA,3.1
G61-0118,G61,18-19,27567,SRP,HNK,7,male,0,,10,10,10,10,10,10,10,10,FALSE,8,NA,NA,NA,NA,NA,NA,NA,NA,NA,NA,NA,NA,NA,22,2.5,163,NA,83,7,4.1,0.2,188,33,157,155,7.4,104,10.7,5.9,3.5,8.2,29,1.97,0.22,50,NA,NA,NA,NA,NA,NA,NA,NA,NA,NA,2.9
NL1-0217,NL1,10664,,SRP,HNK,4,male,?,,NA,NA,NA,NA,NA,NA,NA,NA,NA,NA,NA,NA,NA,NA,NA,NA,NA,NA,NA,NA,NA,NA,NA,19,1.8,165,48,269,6.9,4.1,0.3,435,30,156,153,4.5,99,9.9,5,3,4.2,23.2,2.54,0.06,54,NA,NA,NA,NA,NA,NA,NA,NA,NA,NA,2.8
NL2-0217,NL2,10671,19485,SRP,SAW,2,male,?,collar stopped working,10,10,10,10,10,0,0,0,FALSE,5,NA,NA,NA,NA,NA,NA,NA,NA,NA,NA,NA,NA,NA,27,1.9,123,50,313,7.2,3.7,0.2,563,69,232,153,4.2,93,10.6,5.2,3,3.5,33.6,3.41,0.1,61,NA,NA,NA,NA,NA,NA,NA,NA,NA,NA,3.5
R1-0117,R1,5724,23560,TCP,TCE,3,male,0,,10,10,10,10,10,10,10,10,FALSE,8,NA,NA,NA,NA,NA,NA,NA,NA,NA,NA,NA,NA,NA,11,1.9,158,NA,121,6.6,4,0.2,42,33,216,155,5.4,107,10.7,4.7,2.9,2.6,43.8,3.05,0.58,51,11800,2478,3304,5782,236,0,0.384682618,0.391534392,-0.444444444,-0.119122257,2.6
R100-0117,R100,5721,20452,TCP,TCE,6,female,0,,10,10,10,10,10,10,10,10,FALSE,8,TCE,1.01E+15,0,10,10,10,10,10,10,0,0,FALSE,6,8,2,155,NA,155,6.9,3.8,0.3,49,80,352,155,5.3,107,10.2,6.4,3,0.9,44.8,1.77,0.25,52,10600,2226,424,7950,0,0,0.364142904,-0.067264574,1.278026906,5.833333333,3.1
R2-0117,R2,5708,23563,TCP,TCS,6,male,?,collar stopped working,10,10,10,10,10,0,0,0,FALSE,5,NA,NA,NA,NA,NA,NA,NA,NA,NA,NA,NA,NA,NA,9,1.8,149,NA,128,6,3.6,0.3,37,24,109,157,4,105,9.6,6.5,2.5,5,18,2.79,0.46,51,NA,NA,NA,NA,NA,NA,NA,NA,NA,NA,2.4
R3-0117,R3,5729,23561,TCP,TCS,5,female,?,collar stopped working,10,10,10,10,0,0,0,0,FALSE,4,TCS,1.01E+15,0,10,10,10,0,0,0,0,0,FALSE,3,10,1.9,123,NA,188,7.4,3.7,0.4,84,46,148,156,5.1,107,10.1,6.9,2.8,0.7,51.1,2.68,0.23,53,NA,NA,NA,NA,NA,NA,NA,NA,NA,NA,3.7
R4-0117,R4,5709,23532,TMP,,5,female,1,,10,10,10,11,0,0,0,0,TRUE,4,NA,NA,NA,NA,NA,NA,NA,NA,NA,NA,NA,NA,NA,18,1.8,154,NA,123,6.9,3.7,0.3,20,24,113,158,4.1,108,10.1,6.4,2.6,2.4,18.5,1.97,0.53,52,9200,4508,184,4140,368,0,0.640773517,-0.260606061,-0.16969697,-1.5,3.2
R5-0117,R5,5722,23557,TMP,,3,male,1,,10,10,10,10,10,10,10,10,FALSE,8,NA,NA,NA,NA,NA,NA,NA,NA,NA,NA,NA,NA,NA,14,1.7,162,NA,134,6.8,3.6,0.3,21,49,120,153,4.4,103,10.4,4.5,2.7,6.3,27.2,1.94,0.38,48,11200,7056,0,3920,224,0,0.413088605,0.655629139,1.562913907,1.193548387,3.2
R6-0117,R6,5711,20400,TMP,,6,male,0,,10,10,10,10,10,10,10,10,FALSE,8,NA,NA,NA,NA,NA,NA,NA,NA,NA,NA,NA,NA,NA,20,1.9,168,NA,112,5.9,3.5,0.3,35,24,95,153,4.2,104,9.9,4.5,2.6,6.2,18.1,2.03,0.79,47,12600,7812,126,4536,126,0,0.775811209,0.271523179,1.105960265,2.022222222,2.4
R79-0117,R79,5699,23527,BSP,,4,female,0,,10,10,10,10,10,10,10,10,FALSE,8,BSP,1.01E+15,0,10,10,11,0,0,0,0,0,TRUE,3,19,2,131,NA,261,7.3,4.2,0.3,43,23,108,159,6.3,102,10.1,7.2,2.6,1,18.1,1.92,0.32,62,NA,0,0,0,0,0,0.493296878,NA,NA,NA,3.1
R80-0117,R80,5681,23489,BSP,,2,male,0,,10,10,10,10,10,10,10,10,FALSE,8,NA,NA,NA,NA,NA,NA,NA,NA,NA,NA,NA,NA,NA,14,2.1,136,NA,140,6.6,4,0.3,19,25,125,151,4.4,103,9.6,5.1,3,2.6,23.9,2.59,0.26,50,8200,4264,0,3526,410,0,0.688657612,0.052173913,0.091304348,0.847222222,2.6
R81-0117,R81,5686,23486,BSP,,5,female,0,,10,10,10,10,10,10,10,10,FALSE,8,BSP,1.01E+15,0,10,11,0,0,0,0,0,0,TRUE,2,NA,NA,NA,NA,NA,NA,NA,NA,NA,NA,NA,NA,NA,NA,NA,NA,NA,NA,NA,NA,NA,NA,9200,4140,0,4876,184,0,0.817869113,-0.063768116,-0.055072464,0.48502994,NA
R82-0117,R82,5704,23529,RSP,,1,male,0,,10,10,10,10,10,10,10,10,FALSE,8,NA,NA,NA,NA,NA,NA,NA,NA,NA,NA,NA,NA,NA,12,2.2,167,NA,302,5.9,3.6,0.2,14,16,92,149,4.4,99,10.2,4.4,2.6,4.9,21.5,1.15,0.23,50,5800,2494,0,3190,116,0,0.428029635,-0.065420561,0.046728972,-1.461538462,2.3
R83-0117,R83,5703,23491,RSP,,7,female,0,,10,10,10,10,10,10,10,10,FALSE,8,RSP,1.01E+15,1,10,10,10,10,10,10,11,0,TRUE,7,12,2,127,NA,347,6.1,3.6,0.2,18,24,115,151,4,100,9.3,4.7,2.4,3.9,33.5,1.72,0.32,51,3200,1600,0,1568,32,0,0.743781972,-1.073643411,-1.199612403,-0.814588235,2.5
R84-0117,R84,5705,23497,RSP,,4,female,0,,10,10,10,10,10,10,10,10,FALSE,8,RSP,1.01E+15,1,10,10,10,10,11,0,0,0,TRUE,5,14,2.1,120,NA,281,7,4,0.2,24,38,111,155,4.1,102,10.1,4.7,2.6,1.8,29.2,1.32,0.29,55,5400,1944,0,2700,756,0,0.819192097,-0.003460208,0.055363322,-0.245454546,3
R85-0117,R85,5685,23535,RSP,,6,female,0,,10,10,10,10,10,10,10,10,FALSE,8,RSP,1.01E+15,1,10,10,11,0,0,0,0,0,TRUE,3,13,1.9,133,NA,277,6.7,3.9,0.2,15,24,93,157,4.3,107,9.5,5.9,2.8,1.9,21.1,3.24,0.31,52,7400,4366,0,2812,222,0,0.800229317,0.011494253,0.057471264,-0.352409639,2.8
R86-0117,R86,5706,23490,RSP,,4,female,0,,10,10,10,10,10,10,10,10,FALSE,8,RSP,1.01E+15,1,10,10,10,11,0,0,0,0,TRUE,4,13,1.9,146,NA,267,6.2,3.6,0.2,16,21,89,149,4.3,98,9.5,4.2,2.5,5.1,19.7,2.43,0.34,50,7000,2870,0,4060,70,0,0.811695184,-0.076642336,-0.00729927,-0.042635659,2.6
R87-0117,R87,5702,23496,RSP,,4,female,0,,10,10,10,10,10,10,10,10,FALSE,8,RSP,1.01E+15,1,10,10,10,11,0,0,0,0,TRUE,4,15,2.2,158,NA,333,6.3,3.9,0.2,57,48,134,154,4.7,101,9.8,5.5,2.7,0.4,33.3,2.2,0.27,57,4200,840,0,3234,126,0,0.766713706,0.438016529,0.194214876,0.503759399,2.4
R88-0117,R88,5733,23498,RSP,,3,female,0,,10,10,10,10,10,10,10,10,FALSE,8,RSP,1.01E+15,1,10,11,0,0,0,0,0,0,TRUE,2,19,2.1,189,NA,412,5.8,3.4,0.2,99,23,96,151,4,95,9.6,4.4,2.7,5.2,28.7,3.45,0.25,55,8000,5120,80,2640,160,0,NA,0.221621622,-0.021621622,-0.273037543,2.4
R89-0117,R89,5734,23487,RSP,,6,female,0,,10,10,10,10,10,10,10,10,FALSE,8,RSP,1.01E+15,1,10,10,10,11,0,0,0,0,TRUE,4,15,1.8,149,NA,162,6.4,3.9,0.2,149,24,137,156,3.8,103,10.1,4.8,3,2.8,25.4,3.31,0.31,54,3600,2376,0,1152,72,0,0.324836832,0.161290323,0.838709677,0.630434783,2.5
R90-0117,R90,5688,23485,RSP,,7,female,0,collar stopped working - observed for several years post capture,10,10,10,10,0,0,0,0,FALSE,4,RSP,1.01E+15,1,10,10,10,10,11,0,0,0,TRUE,5,16,2,195,NA,559,6.7,4.1,0.2,70,25,167,167,4.3,107,10.1,4.6,2.9,0.3,47.3,1.83,0.36,64,4400,2068,0,2156,176,0,0.706297407,0.050387597,0.224806202,0.035087719,2.6
R91-0117,R91,5689,23495,RSP,,5,female,0,,10,10,10,10,10,10,10,10,FALSE,8,RSP,1.01E+15,1,10,10,11,0,0,0,0,0,TRUE,3,14,2.1,164,NA,265,6.3,3.5,0.2,41,23,122,156,3.8,106,9.5,4.7,2.5,1.4,38.2,2.11,0.22,52,3400,1564,0,1666,170,0,0.78876345,-0.113712375,0.086956522,0.006060606,2.8
R92-0117,R92,5679,23488,RSP,,6,female,0,,10,10,10,10,10,10,10,10,FALSE,8,NA,NA,NA,NA,NA,NA,NA,NA,NA,NA,NA,NA,NA,16,1.8,158,NA,514,6.2,4,0.2,37,19,129,158,4.2,102,9.6,5.2,2.7,0.3,29.6,1.91,0.25,60,3600,1296,0,2232,72,0,0.749514906,0.032894737,0.016447368,24.81818182,2.2
R93-0117,R93,5732,23493,RSP,,5,female,0,,10,10,10,10,10,10,10,10,FALSE,8,RSP,1.01E+15,1,10,10,11,0,0,0,0,0,TRUE,3,15,1.8,138,NA,261,6.2,3.9,0.2,160,15,114,159,4,104,9.6,3.8,2.6,2.7,17,1.52,0.28,56,3000,2040,30,870,60,0,0.346004586,NA,NA,NA,2.3
R94-0117,R94,5731,23494,RSP,,3,male,?,collar stopped working,10,10,10,0,0,0,0,0,FALSE,3,NA,NA,NA,NA,NA,NA,NA,NA,NA,NA,NA,NA,NA,14,2.2,122,NA,104,6,3.7,0.3,50,26,98,151,3.6,101,9.8,3.4,2.6,7.3,14.6,1.89,0.66,46,NA,NA,NA,NA,NA,NA,NA,NA,NA,NA,2.3
R95-0117,R95,5715,23559,TCP,TCW,11,female,1,,10,10,10,10,11,0,0,0,TRUE,5,NA,NA,NA,NA,NA,NA,NA,NA,NA,NA,NA,NA,NA,16,2,123,NA,213,6.6,3.4,0.2,32,25,127,157,5.5,108,9.7,5.8,2.8,2,16.5,1.36,0.23,53,10000,4200,100,5200,500,0,-0.040446622,0.846153846,0.794871795,-3.538461538,3.2
R96-0117,R96,5714,23555,TCP,TCW,6,female,?,cougar mortality post capture - don't use,11,0,0,0,0,0,0,0,TRUE,1,NA,NA,NA,NA,NA,NA,NA,NA,NA,NA,NA,NA,NA,15,2.2,127,NA,279,7.3,4,0.3,329,53,185,159,5.7,100,10.3,6.9,2.7,1.3,23.1,1.33,0.39,63,NA,NA,NA,NA,NA,NA,NA,NA,NA,NA,3.3
R97-0117,R97,5713,23531,TCP,TCW,5,female,,unknown mortality post capture - don't use,11,0,0,0,0,0,0,0,TRUE,1,NA,NA,NA,NA,NA,NA,NA,NA,NA,NA,NA,NA,NA,12,2.3,118,NA,92,7.7,4.3,0.2,31,67,263,162,5.4,113,10.3,6.7,3,1.2,67.4,1.55,0.47,53,NA,NA,NA,NA,NA,NA,NA,NA,NA,NA,3.4
R98-0117,R98,5716,23556,TCP,TCW,3,male,0,,10,10,10,10,10,10,10,10,FALSE,8,NA,NA,NA,NA,NA,NA,NA,NA,NA,NA,NA,NA,NA,18,2.2,176,NA,438,6.5,3.8,0.3,89,26,114,151,4.7,94,10.3,4.1,2.9,2.4,23.4,1.83,0.35,59,3200,1696,0,1312,192,0,-0.1074399,NA,NA,NA,2.7
R99-0117,R99,5730,23558,TCP,TCE,2,female,0,,10,10,10,10,10,10,10,10,FALSE,8,TCE,1.00E+15,0,10,0,0,10,10,10,0,0,FALSE,6,10,2,195,NA,227,6.5,3.9,0.3,91,78,282,154,5.7,99,10.2,5.9,2.9,1,76.2,2.14,0.29,60,4200,420,0,3402,378,0,0.383371572,-0.900466563,-0.99844479,-0.705031013,2.6
W1-0118,W1,6141,28952,TCP,TCW,5,male,0,,10,10,10,10,10,10,10,10,FALSE,8,NA,NA,NA,NA,NA,NA,NA,NA,NA,NA,NA,NA,NA,26,1.8,153,50,248,6.5,3.6,0.3,152,39,235,151,6.2,100,9.7,6,3.1,1.6,75.5,1.69,0.17,56,NA,NA,NA,NA,NA,NA,NA,NA,NA,NA,2.9
W10-0118,W10,6129,28969,BHP,,7,female,0,,10,10,10,10,10,10,10,10,FALSE,8,BHP,1.01E+15,1,10,10,10,10,11,0,0,0,TRUE,5,23,1.3,138,55,287,6.7,3.7,0.2,209,61,271,154,4.8,99,9.1,7.1,3.4,2.3,104.8,2.71,0.13,58,NA,NA,NA,NA,NA,NA,NA,NA,NA,NA,3
W11-0118,W11,6143,23524,TCP,TCS,4,male,0,,10,10,10,10,10,10,10,10,FALSE,8,NA,NA,NA,NA,NA,NA,NA,NA,NA,NA,NA,NA,NA,6,1.5,106,44,73,5.6,3.2,0.3,204,25,129,125,4.2,87,8,5.4,2.5,3.6,27.7,1.96,0.13,39,NA,NA,NA,NA,NA,NA,NA,NA,NA,NA,2.4
W12-0118,W12,6138,23531,TCP,TCW,3,male,?,collar stopped working,10,0,0,0,0,0,0,0,FALSE,1,NA,NA,NA,NA,NA,NA,NA,NA,NA,NA,NA,NA,NA,15,1.6,106,61,60,6.4,3.6,0.2,491,22,315,149,4.6,104,9.4,5.2,2.8,5.6,15.8,3.46,0.54,44,NA,NA,NA,NA,NA,NA,NA,NA,NA,NA,2.8
W13-0118,W13,6146,23532,RSP,,4,male,0,,10,10,10,10,10,10,10,10,FALSE,8,NA,NA,NA,NA,NA,NA,NA,NA,NA,NA,NA,NA,NA,24,1.3,136,26,163,5.3,3.2,0.2,254,27,124,125,3.6,85,8,3.9,2.4,3.6,33.4,1.52,0.1,40,NA,NA,NA,NA,NA,NA,NA,NA,NA,NA,2.1
W14-0118,W14,6132,23557,RSP,,5,male,0,,10,10,10,10,10,10,10,10,FALSE,8,NA,NA,NA,NA,NA,NA,NA,NA,NA,NA,NA,NA,NA,27,1.7,136,39,88,4.9,2.7,0.2,148,21,130,120,3.8,81,7.4,3.8,2.2,2.5,27.2,2.15,0.23,40,NA,NA,NA,NA,NA,NA,NA,NA,NA,NA,2.2
W15-0118,W15,6147,23559,RSP,,2,male,0,,10,10,10,10,10,10,10,10,FALSE,8,NA,NA,NA,NA,NA,NA,NA,NA,NA,NA,NA,NA,NA,26,1.4,85,32,140,5.3,2.8,0.2,223,29,154,134,4.7,92,7.9,5.5,2.5,4.5,28,2.73,0.16,42,NA,NA,NA,NA,NA,NA,NA,NA,NA,NA,2.5
W16-0118,W16,6133,699997,TMP,,7,male,0,,10,10,10,10,10,10,10,10,FALSE,8,NA,NA,NA,NA,NA,NA,NA,NA,NA,NA,NA,NA,NA,21,2.2,167,55,70,7.2,4,0.2,115,31,162,156,4.4,108,10.2,4.7,3.3,3.6,36.3,2.95,0.41,49,NA,NA,NA,NA,NA,NA,NA,NA,NA,NA,3.2
W17-0118,W17,6144,699995,BSP,,3,male,0,,10,10,10,10,10,10,10,10,FALSE,8,NA,NA,NA,NA,NA,NA,NA,NA,NA,NA,NA,NA,NA,29,1.8,165,72,80,8.1,4.2,0.3,194,21,283,156,5.3,107,10.9,5.9,3.4,3,42.4,2.46,0.39,51,NA,NA,NA,NA,NA,NA,NA,NA,NA,NA,3.9
W18-0118,W18,6134,699999,TCP,TCS,4,male,0,,10,10,10,10,10,10,10,10,FALSE,8,NA,NA,NA,NA,NA,NA,NA,NA,NA,NA,NA,NA,NA,8,1.1,95,34,109,4.2,2.3,0.2,152,23,98,97,2.8,67,6.2,3.6,1.9,3.7,32.5,1.76,0.13,29,NA,NA,NA,NA,NA,NA,NA,NA,NA,NA,1.9
W19-0118,W19,6148,699998,BSP,,7,male,0,,10,10,10,10,10,10,10,10,FALSE,8,NA,NA,NA,NA,NA,NA,NA,NA,NA,NA,NA,NA,NA,26,2.2,122,47,87,5.5,3.1,0.2,249,14,153,126,3.6,88,8.1,3.3,2.7,4.6,15.5,1.71,0.41,37,NA,NA,NA,NA,NA,NA,NA,NA,NA,NA,2.4
W2-0118,W2,6136,28953,TCP,TCW,4,male,0,,10,10,10,10,10,10,10,10,FALSE,8,NA,NA,NA,NA,NA,NA,NA,NA,NA,NA,NA,NA,NA,19,1.4,116,45,46,5.1,2.8,0.2,134,23,108,124,4.3,87,7.9,5.1,2.5,3.2,26,1.49,0.25,38,NA,NA,NA,NA,NA,NA,NA,NA,NA,NA,2.3
W20-0118,W20,6140,699996,TCP,TCE,2,male,0,,10,10,10,10,10,10,10,10,FALSE,8,NA,NA,NA,NA,NA,NA,NA,NA,NA,NA,NA,NA,NA,7,1.5,131,45,96,5.3,3.1,0.2,161,28,105,130,3.6,91,7.9,4.2,2.4,3.5,25.3,1.96,0.36,39,NA,NA,NA,NA,NA,NA,NA,NA,NA,NA,2.2
W3-0118,W3,6142,28956,TCP,TCW,4,female,0,,10,10,10,10,10,10,10,10,FALSE,8,TCW,1.01E+15,0,10,10,11,0,0,0,0,0,TRUE,3,14,1.8,119,56,112,8.6,4.7,0.3,211,32,116,163,5.5,109,11.6,6.8,3.4,2,50.7,2.41,0.17,58,NA,NA,NA,NA,NA,NA,NA,NA,NA,NA,3.9
W4-0118,W4,6145,28958,TCP,TCE,4,female,0,,10,10,10,10,10,10,10,10,FALSE,8,NA,NA,NA,NA,NA,NA,NA,NA,NA,NA,NA,NA,NA,7,1.4,83,42,103,6.3,2.8,0.2,110,24,116,122,3.7,85,7.7,5.1,2.4,3.6,26.2,1.71,0.11,37,NA,NA,NA,NA,NA,NA,NA,NA,NA,NA,3.5
W5-0118,W5,6137,28961,TCP,TCE,1,male,0,,10,10,10,10,10,10,10,10,FALSE,8,NA,NA,NA,NA,NA,NA,NA,NA,NA,NA,NA,NA,NA,7,1.2,125,33,217,4.3,2.5,0.2,399,19,75,116,3.6,77,7.3,4.3,2,5.2,18.7,1.6,0.1,37,NA,NA,NA,NA,NA,NA,NA,NA,NA,NA,1.8
W6-0118,W6,6139,28963,TCP,TCE,2,male,0,,10,10,10,10,10,10,10,10,FALSE,8,NA,NA,NA,NA,NA,NA,NA,NA,NA,NA,NA,NA,NA,10,1,131,19,74,5.7,2.4,0.2,112,23,64,124,3.7,87,7.5,3.3,2,5.2,17.1,1.97,0.29,36,NA,NA,NA,NA,NA,NA,NA,NA,NA,NA,3.3
W7-0118,W7,6131,28964,BHP,,5,female,0,,10,10,10,10,10,10,10,10,FALSE,8,BHP,1.01E+15,1,10,10,10,10,10,11,0,0,TRUE,6,19,1.1,120,35,253,5.2,2.9,0.1,231,27,123,123,4,80,7.6,5.6,2.4,1.8,27.5,2.08,0.1,45,NA,NA,NA,NA,NA,NA,NA,NA,NA,NA,2.3
W8-0118,W8,6135,28967,TCP,TCS,6,female,0,,10,10,10,10,10,10,10,10,FALSE,8,TCS,1.01E+15,0,10,10,10,10,10,10,10,10,FALSE,8,6,1.3,81,31,160,5,2.6,0.1,178,27,82,109,2.8,72,6.6,4.1,2,2.9,24.7,1.31,0.08,37,NA,NA,NA,NA,NA,NA,NA,NA,NA,NA,2.4
W9-0118,W9,6130,28968,BHP,,5,female,0,collar stopped working+L:BE,10,10,10,10,10,10,10,10,FALSE,8,BHP,1.01E+15,1,10,10,10,10,0,0,0,10,FALSE,8,21,1.1,121,43,147,5.9,3.5,0.2,132,27,199,128,4.4,84,8.2,5.3,2.8,2.1,54.8,1.62,0.12,46,NA,NA,NA,NA,NA,NA,NA,NA,NA,NA,2.4
Y1-0217,Y1,10662,24697,SRP,HNK,6,female,0,,10,10,10,10,10,10,10,10,FALSE,8,MCK,1.01E+15,0,10,10,10,10,10,10,10,10,FALSE,8,14,1.9,168,56,409,6.3,3.8,0.2,418,30,120,154,4.8,99,10.3,4.9,3.4,2.1,22.1,1.82,0.11,58,6000,2760,60,3180,0,0,-0.082318841,NA,NA,NA,2.5
Y10-0217,Y10,10673,24701,SRP,SAW,2,female,0,,10,10,10,10,10,10,10,10,FALSE,8,SAW,1.01E+15,0,10,10,10,10,10,10,10,0,FALSE,7,25,1.7,114,50,244,5.9,3.5,0.2,1116,33,161,150,4.8,99,9.7,3.8,3,8.6,21.8,3.65,0.18,47,13000,5460,0,7020,520,0,0.364695341,0.182926829,0.026607539,-0.062287656,2.4
Y103-0217,Y103,10666,19772,SRP,CAL,2,male,0,,10,10,10,10,10,10,10,10,FALSE,8,NA,NA,NA,NA,NA,NA,NA,NA,NA,NA,NA,NA,NA,11,1.5,147,37,104,5.7,3.2,0.2,491,14,110,143,3.9,104,9.8,2.7,2.3,16.4,20.8,1.97,0.51,27,6400,4480,128,1728,64,0,-0.065113281,NA,NA,NA,2.5
Y104-0217,Y104,10669,24696,SRP,CAL,4,female,1,Killed by cougar post-capture (don't include),11,0,0,0,0,0,0,0,TRUE,1,NA,NA,NA,NA,NA,NA,NA,NA,NA,NA,NA,NA,NA,10,2.5,191,55,531,6.3,3.8,0.3,738,42,152,153,8.3,98,11.3,8.2,3,2.9,39,1.84,0.01,60,NA,NA,NA,NA,NA,NA,NA,NA,NA,NA,2.5
Y11-0217,Y11,10675,24703,SRP,SAW,5,female,0,,10,10,10,10,10,10,10,10,FALSE,8,SAW,1.01E+15,0,10,10,0,0,11,0,0,0,TRUE,5,24,1.7,143,50,292,6.4,3.5,0.2,360,38,188,151,4.3,93,9.7,4.7,2.8,3.6,39.1,3.6,0.08,59,16000,8160,0,6720,1120,0,0.180555556,0.008009153,-0.121281465,-0.387628866,2.9
Y122-0217,Y122,10665,24695,SRP,CAL,9,female,1,Killed by cougar post-capture (don't include),11,0,0,0,0,0,0,0,TRUE,1,NA,NA,NA,NA,NA,NA,NA,NA,NA,NA,NA,NA,NA,11,2.2,169,61,417,5.7,3.2,0.2,2905,31,244,147,4.7,102,9.2,3.6,2.4,12.1,32.4,2.26,0.66,38,NA,NA,NA,NA,NA,NA,NA,NA,NA,NA,2.5
Y123-0217,Y123,10668,24702,SRP,CAL,3,female,0,,10,10,10,10,10,10,10,10,FALSE,8,NA,NA,NA,NA,NA,NA,NA,NA,NA,NA,NA,NA,NA,11,1.8,153,38,381,6.7,3.9,0.2,324,58,166,153,5.5,99,10.4,7.5,2.7,2.5,41.4,2.16,0.01,57,7400,1998,0,5328,74,0,0.024221772,NA,NA,NA,2.8
Y2-0217,Y2,10667,24698,SRP,HNK,2,female,0,,10,10,10,10,10,10,10,10,FALSE,8,MCK,1.01E+15,0,10,10,10,10,10,10,10,10,FALSE,8,16,2.4,184,62,296,6.4,3.5,0.2,413,30,98,152,5,96,9.3,5.5,3.5,2.1,14.7,2.81,0.03,59,5400,2484,1080,1674,162,0,NA,NA,NA,NA,2.9
Y3-0217,Y3,10661,24704,SRP,HNK,6,female,1,,10,10,11,0,0,0,0,0,TRUE,3,NA,NA,NA,NA,NA,NA,NA,NA,NA,NA,NA,NA,NA,13,2.3,174,57,298,6.5,3.7,0.2,413,44,146,154,5.2,100,9.8,5.4,3.2,1.9,33.3,1.99,0.03,57,7800,2964,78,4446,312,0,-0.27826087,NA,NA,NA,2.8
Y4-0217,Y4,10663,24705,SRP,HNK,3,female,0,,10,10,10,10,10,10,10,10,FALSE,8,MCK,1.01E+15,0,10,10,10,10,10,10,10,10,FALSE,8,14,2.2,129,54,162,6.3,3.9,0.2,212,24,110,155,4.7,104,10.1,5.6,3.4,4.4,16.6,2.53,0.06,51,NA,NA,NA,NA,NA,NA,NA,NA,NA,NA,2.4
Y5-0217,Y5,10672,24692,SRP,EML,7,female,0,,10,10,10,10,10,10,10,10,FALSE,8,EML,1.01E+15,0,10,10,10,10,10,10,10,0,FALSE,7,10,2,131,49,224,6.5,3.8,0.2,203,21,92,153,4,104,9.8,3.9,2.7,5,13.7,1.35,0.12,48,6800,2448,68,3264,1020,0,0.101702509,2.037037037,2.00617284,-0.061755952,2.7
Y6-0217,Y6,10676,24693,SRP,EML,6,female,0,,10,10,10,10,10,10,10,10,FALSE,8,EML,1.01E+15,0,10,10,11,0,0,0,0,0,TRUE,3,15,1.7,147,77,343,6.6,4,0.4,181,36,137,152,5.5,105,9.8,4.6,2.9,0.5,69.4,1.91,0.05,52,7800,2028,78,4524,1170,0,0.779569893,-0.295918367,-0.103316327,-0.151312649,2.6
Y7-0217,Y7,10677,24694,SRP,EML,9,female,0,,10,10,10,10,10,10,10,10,FALSE,8,EML,1.01E+15,0,10,10,10,10,11,0,0,0,TRUE,5,12,2.2,77,52,79,6.4,3.1,0.5,979,24,115,145,4,98,9.2,3.8,2.7,15.6,23.8,6.29,1.72,35,16000,13280,480,2080,160,0,0.005824373,-0.150253807,-0.06142132,0.323658052,3.3
Y8-0217,Y8,10674,24699,SRP,EML,6,female,0,,10,10,10,10,10,10,10,10,FALSE,8,EML,1.01E+15,0,10,10,11,0,0,0,0,0,TRUE,3,13,2,137,52,264,6.6,4,0.2,166,22,106,152,4.2,102,9.9,4.5,2.7,3.7,11.6,2.06,0.11,51,3800,1102,38,2508,152,0,0.13172043,-0.368078176,-0.325732899,-0.576988156,2.6
Y9-0217,Y9,10670,24700,SRP,SAW,7,female,0,,10,10,10,10,10,10,10,10,FALSE,8,SAW,1.00E+15,0,10,0,0,0,10,11,0,0,TRUE,6,23,1.4,129,56,225,6,3.3,0.2,500,13,115,151,3.9,101,9.4,4.2,2.7,8.2,22.4,3.03,0.31,46,7200,2448,0,4608,144,0,0.438172043,0.098083427,0.021420519,0.025997046,2.7
NC2-0116,NA,NA,NA,NA,NA,NA,NA,NA,NA,NA,NA,NA,NA,NA,NA,NA,NA,NA,NA,NA,NA,NA,NA,NA,NA,NA,NA,NA,NA,NA,NA,NA,16,2,169,56,332,6.4,3.6,0.3,281,32,143,150,4.7,98,10.1,5.9,2.8,2.3,16.5,2.06,0.16,54,NA,NA,NA,NA,NA,NA,NA,NA,NA,NA,2.8
NC3-0116,NA,NA,NA,NA,NA,NA,NA,NA,NA,NA,NA,NA,NA,NA,NA,NA,NA,NA,NA,NA,NA,NA,NA,NA,NA,NA,NA,NA,NA,NA,NA,NA,23,1.5,174,58,164,6.9,3.6,0.2,385,36,165,153,6.8,97,10.5,7.9,2.8,3,19.8,2.45,0.09,60,NA,NA,NA,NA,NA,NA,NA,NA,NA,NA,3.3
NC4-0116,NA,NA,NA,NA,NA,NA,NA,NA,NA,NA,NA,NA,NA,NA,NA,NA,NA,NA,NA,NA,NA,NA,NA,NA,NA,NA,NA,NA,NA,NA,NA,NA,22,1.6,125,61,86,6.7,2.8,0.3,231,31,207,150,4.9,105,9,6.3,2.6,5.1,21.4,2.83,0.44,45,NA,NA,NA,NA,NA,NA,NA,NA,NA,NA,3.9
NC5-0116,NA,NA,NA,NA,NA,NA,NA,NA,NA,NA,NA,NA,NA,NA,NA,NA,NA,NA,NA,NA,NA,NA,NA,NA,NA,NA,NA,NA,NA,NA,NA,NA,14,2.3,130,69,106,8.4,3.8,0.4,145,26,155,180,6.1,115,12.6,8.5,3.6,12.5,21.4,1.69,0.54,59,NA,NA,NA,NA,NA,NA,NA,NA,NA,NA,4.6
NL1-0118,NA,NA,NA,NA,NA,NA,NA,NA,NA,NA,NA,NA,NA,NA,NA,NA,NA,NA,NA,NA,NA,NA,NA,NA,NA,NA,NA,NA,NA,NA,NA,NA,NA,NA,NA,NA,NA,NA,NA,NA,NA,NA,NA,NA,NA,NA,NA,NA,NA,NA,NA,NA,NA,NA,8200,820,6724,410,246,0,NA,NA,NA,NA,NA